"Line","Text"
302,"IF SNOW = 0 AND SINK = 3 AND STEMP = 0 AND ATEMP = 0 AND SHEIGHT = 4 THEN LNO = 0"
303,"RULE"
304,"94"
305,"IF SNOW = 2 AND SINK = 3 AND STEMP = 3 AND ATEMP = 2 AND SHEIGHT = 3 THEN LNO = 0"
306,"RULE"
307,"98"
308,"IF SNOW = 1 AND SINK = 3 AND STEMP = 2 AND ATEMP = 1 AND SHEIGHT = 3 THEN LNO = 0"
309,"RULE"
310,"100"
311,"IF SNOW = 0 AND SINK = 1 AND STEMP = 3 AND ATEMP = 1 AND SHEIGHT = 2 THEN LNO = 0"
312,"RULE"
313,"103"
314,"IF SNOW = 0 AND SINK = 1 AND STEMP = 0 AND ATEMP = 0 AND SHEIGHT = 1 THEN LNO = 0"
315,"RULE"
316,"107"
317,"IF SNOW = 1 AND SINK = 3 AND STEMP = 1 AND ATEMP = 1 AND SHEIGHT = 4 THEN LNO = 0"
318,"RULE"
319,"108"
320,"IF SNOW = 0 AND SINK = 0 AND STEMP = 2 AND ATEMP = 3 AND SHEIGHT = 0 THEN LNO = 0"
321,"RULE"
322,"109"
323,"IF SNOW = 1 AND SINK = 1 AND STEMP = 3 AND ATEMP = 1 AND SHEIGHT = 2 THEN LNO = 0"
324,"RULE"
325,"110"
326,"IF SNOW = 0 AND SINK = 0 AND STEMP = 1 AND ATEMP = 1 AND SHEIGHT = 4 THEN LNO = 0"
327,"RULE"
328,"112"
329,"IF SNOW = 1 AND SINK = 2 AND STEMP = 1 AND ATEMP = 1 AND SHEIGHT = 3 THEN LNO = 0"
330,"RULE"
331,"115"
332,"IF SNOW = 0 AND SINK = 0 AND STEMP = 2 AND ATEMP = 3 AND SHEIGHT = 2 THEN LNO = 0"
333,"RULE"
334,"117"
335,"IF SNOW = 0 AND SINK = 3 AND STEMP = 2 AND ATEMP = 1 AND SHEIGHT = 3 THEN LNO = 0"
336,"RULE"
337,"118"
338,"IF SNOW = 2 AND SINK = 3 AND STEMP = 3 AND ATEMP = 2 AND SHEIGHT = 3 THEN LNO = 6"
339,"RULE"
340,"119"
341,"IF SNOW = 1 AND SINK = 3 AND STEMP = 2 AND ATEMP = 1 AND SHEIGHT = 2 THEN LNO = 0"
342,"RULE"
343,"122"
344,"IF SNOW = 0 AND SINK = 3 AND STEMP = 1 AND ATEMP = 1 AND SHEIGHT = 0 THEN LNO = 0"
345,"RULE"
346,"123"
347,"IF SNOW = 2 AND SINK = 4 AND STEMP = 3 AND ATEMP = 2 AND SHEIGHT = 4 THEN LNO = 0"
348,"RULE"
349,"127"
350,"IF SNOW = 2 AND SINK = 2 AND STEMP = 2 AND ATEMP = 1 AND SHEIGHT = 2 THEN LNO = 0"
351,"RULE"
352,"128"
353,"IF SNOW = 2 AND SINK = 4 AND STEMP = 2 AND ATEMP = 1 AND SHEIGHT = 3 THEN LNO = 0"
354,"RULE"
355,"129"
356,"IF SNOW = 0 AND SINK = 0 AND STEMP = 2 AND ATEMP = 1 AND SHEIGHT = 1 THEN LNO = 0"
357,"RULE"
358,"131"
359,"IF SNOW = 0 AND SINK = 0 AND STEMP = 1 AND ATEMP = 1 AND SHEIGHT = 0 THEN LNO = 0"
360,"RULE"
361,"132"
362,"IF SNOW = 1 AND SINK = 2 AND STEMP = 2 AND ATEMP = 1 AND SHEIGHT = 2 THEN LNO = 0"
363,"RULE"
364,"133"
365,"IF SNOW = 2 AND SINK = 2 AND STEMP = 2 AND ATEMP = 1 AND SHEIGHT = 3 THEN LNO = 0"
366,"RULE"
367,"137"
368,"IF SNOW = 0 AND SINK = 1 AND STEMP = 2 AND ATEMP = 1 AND SHEIGHT = 3 THEN LNO = 0"
369,"RULE"
370,"139"
371,"IF SNOW = 2 AND SINK = 4 AND STEMP = 3 AND ATEMP = 2 AND SHEIGHT = 4 THEN LNO = 6"
372,"RULE"
373,"140"
374,"IF SNOW = 0 AND SINK = 1 AND STEMP = 3 AND ATEMP = 2 AND SHEIGHT = 3 THEN LNO = 2"
375,"RULE"
376,"141"
377,"IF SNOW = 0 AND SINK = 3 AND STEMP = 1 AND ATEMP = 0 AND SHEIGHT = 2 THEN LNO = 0"
378,"RULE"
379,"143"
380,"IF SNOW = 0 AND SINK = 2 AND STEMP = 1 AND ATEMP = 1 AND SHEIGHT = 0 THEN LNO = 0"
381,"RULE"
382,"144"
383,"IF SNOW = 1 AND SINK = 3 AND STEMP = 1 AND ATEMP = 1 AND SHEIGHT = 1 THEN LNO = 0"
384,"RULE"
385,"145"
386,"IF SNOW = 1 AND SINK = 3 AND STEMP = 3 AND ATEMP = 2 AND SHEIGHT = 2 THEN LNO = 0"
387,"RULE"
388,"146"
389,"IF SNOW = 1 AND SINK = 2 AND STEMP = 3 AND ATEMP = 2 AND SHEIGHT = 4 THEN LNO = 0"
390,"RULE"
391,"147"
392,"IF SNOW = 0 AND SINK = 3 AND STEMP = 3 AND ATEMP = 3 AND SHEIGHT = 1 THEN LNO = 0"
393,"RULE"
394,"148"
395,"IF SNOW = 0 AND SINK = 0 AND STEMP = 2 AND ATEMP = 3 AND SHEIGHT = 3 THEN LNO = 0"
396,"RULE"
397,"149"
398,"IF SNOW = 1 AND SINK = 3 AND STEMP = 3 AND ATEMP = 2 AND SHEIGHT = 3 THEN LNO = 0"
399,"RULE"
400,"153"
401,"IF SNOW = 0 AND SINK = 2 AND STEMP = 3 AND ATEMP = 1 AND SHEIGHT = 2 THEN LNO = 0"
402,"RULE"
403,"154"
404,"IF SNOW = 0 AND SINK = 1 AND STEMP = 1 AND ATEMP = 2 AND SHEIGHT = 0 THEN LNO = 0"
405,"RULE"
406,"157"
407,"IF SNOW = 0 AND SINK = 0 AND STEMP = 2 AND ATEMP = 1 AND SHEIGHT = 3 THEN LNO = 0"
408,"RULE"
409,"158"
410,"IF SNOW = 2 AND SINK = 4 AND STEMP = 2 AND ATEMP = 2 AND SHEIGHT = 3 THEN LNO = 6"
411,"RULE"
412,"159"
413,"IF SNOW = 1 AND SINK = 2 AND STEMP = 3 AND ATEMP = 2 AND SHEIGHT = 2 THEN LNO = 0"
414,"RULE"
415,"160"
416,"IF SNOW = 0 AND SINK = 0 AND STEMP = 2 AND ATEMP = 2 AND SHEIGHT = 3 THEN LNO = 2"
417,"RULE"
418,"170"
419,"IF SNOW = 0 AND SINK = 0 AND STEMP = 2 AND ATEMP = 1 AND SHEIGHT = 4 THEN LNO = 0"
420,"RULE"
421,"171"
422,"IF SNOW = 1 AND SINK = 3 AND STEMP = 2 AND ATEMP = 1 AND SHEIGHT = 4 THEN LNO = 0"
423,"RULE"
424,"176"
425,"IF SNOW = 0 AND SINK = 0 AND STEMP = 3 AND ATEMP = 3 AND SHEIGHT = 3 THEN LNO = 5"
426,"RULE"
427,"177"
428,"IF SNOW = 0 AND SINK = 2 AND STEMP = 2 AND ATEMP = 1 AND SHEIGHT = 3 THEN LNO = 0"
429,"RULE"
430,"178"
431,"IF SNOW = 0 AND SINK = 1 AND STEMP = 3 AND ATEMP = 1 AND SHEIGHT = 3 THEN LNO = 0"
432,"RULE"
433,"179"
434,"IF SNOW = 1 AND SINK = 1 AND STEMP = 3 AND ATEMP = 1 AND SHEIGHT = 3 THEN LNO = 0"
435,"RULE"
436,"180"
437,"IF SNOW = 1 AND SINK = 2 AND STEMP = 2 AND ATEMP = 1 AND SHEIGHT = 3 THEN LNO = 0"
438,"RULE"
439,"181"
440,"IF SNOW = 0 AND SINK = 3 AND STEMP = 1 AND ATEMP = 0 AND SHEIGHT = 3 THEN LNO = 0"
441,"RULE"
442,"186"
443,"IF SNOW = 0 AND SINK = 1 AND STEMP = 2 AND ATEMP = 2 AND SHEIGHT = 4 THEN LNO = 0"
444,"RULE"
445,"187"
446,"IF SNOW = 0 AND SINK = 3 AND STEMP = 3 AND ATEMP = 3 AND SHEIGHT = 2 THEN LNO = 0"
447,"RULE"
448,"188"
449,"IF SNOW = 2 AND SINK = 3 AND STEMP = 3 AND ATEMP = 1 AND SHEIGHT = 2 THEN LNO = 0"
450,"RULE"
451,"189"
452,"IF SNOW = 1 AND SINK = 4 AND STEMP = 1 AND ATEMP = 1 AND SHEIGHT = 3 THEN LNO = 0"
453,"RULE"
454,"192"
455,"IF SNOW = 0 AND SINK = 2 AND STEMP = 2 AND ATEMP = 1 AND SHEIGHT = 1 THEN LNO = 0"
456,"RULE"
457,"193"
458,"IF SNOW = 1 AND SINK = 1 AND STEMP = 2 AND ATEMP = 1 AND SHEIGHT = 4 THEN LNO = 0"
459,"RULE"
460,"197"
461,"IF SNOW = 2 AND SINK = 2 AND STEMP = 3 AND ATEMP = 1 AND SHEIGHT = 2 THEN LNO = 0"
462,"RULE"
463,"199"
464,"IF SNOW = 0 AND SINK = 3 AND STEMP = 1 AND ATEMP = 0 AND SHEIGHT = 1 THEN LNO = 0"
465,"RULE"
466,"203"
467,"IF SNOW = 1 AND SINK = 1 AND STEMP = 1 AND ATEMP = 1 AND SHEIGHT = 3 THEN LNO = 0"
468,"RULE"
469,"204"
470,"IF SNOW = 0 AND SINK = 2 AND STEMP = 2 AND ATEMP = 1 AND SHEIGHT = 2 THEN LNO = 0"
471,"RULE"
472,"205"
473,"IF SNOW = 0 AND SINK = 1 AND STEMP = 3 AND ATEMP = 1 AND SHEIGHT = 1 THEN LNO = 0"
474,"RULE"
475,"206"
476,"IF SNOW = 0 AND SINK = 4 AND STEMP = 1 AND ATEMP = 2 AND SHEIGHT = 2 THEN LNO = 0"
477,"RULE"
478,"208"
479,"IF SNOW = 0 AND SINK = 0 AND STEMP = 3 AND ATEMP = 1 AND SHEIGHT = 2 THEN LNO = 0"
480,"RULE"
481,"212"
482,"IF SNOW = 0 AND SINK = 2 AND STEMP = 1 AND ATEMP = 0 AND SHEIGHT = 3 THEN LNO = 0"
483,"RULE"
484,"213"
485,"IF SNOW = 0 AND SINK = 1 AND STEMP = 1 AND ATEMP = 0 AND SHEIGHT = 3 THEN LNO = 0"
486,"RULE"
487,"216"
488,"IF SNOW = 1 AND SINK = 3 AND STEMP = 0 AND ATEMP = 0 AND SHEIGHT = 2 THEN LNO = 0"
489,"RULE"
490,"218"
491,"IF SNOW = 1 AND SINK = 3 AND STEMP = 3 AND ATEMP = 1 AND SHEIGHT = 3 THEN LNO = 0"
492,"RULE"
493,"220"
494,"IF SNOW = 2 AND SINK = 2 AND STEMP = 3 AND ATEMP = 2 AND SHEIGHT = 0 THEN LNO = 0"
495,"RULE"
496,"223"
497,"IF SNOW = 1 AND SINK = 3 AND STEMP = 0 AND ATEMP = 0 AND SHEIGHT = 3 THEN LNO = 0"
498,"RULE"
499,"225"
500,"IF SNOW = 2 AND SINK = 4 AND STEMP = 1 AND ATEMP = 1 AND SHEIGHT = 3 THEN LNO = 6"
501,"RULE"
502,"227"
503,"IF SNOW = 0 AND SINK = 1 AND STEMP = 3 AND ATEMP = 3 AND SHEIGHT = 3 THEN LNO = 6"
504,"RULE"
505,"228"
506,"IF SNOW = 0 AND SINK = 1 AND STEMP = 2 AND ATEMP = 1 AND SHEIGHT = 4 THEN LNO = 0"
507,"RULE"
508,"229"
509,"IF SNOW = 2 AND SINK = 4 AND STEMP = 2 AND ATEMP = 2 AND SHEIGHT = 4 THEN LNO = 0"
510,"RULE"
511,"231"
512,"IF SNOW = 2 AND SINK = 4 AND STEMP = 2 AND ATEMP = 1 AND SHEIGHT = 4 THEN LNO = 0"
513,"RULE"
514,"234"
515,"IF SNOW = 1 AND SINK = 2 AND STEMP = 2 AND ATEMP = 2 AND SHEIGHT = 3 THEN LNO = 0"
516,"RULE"
517,"237"
518,"IF SNOW = 0 AND SINK = 2 AND STEMP = 3 AND ATEMP = 3 AND SHEIGHT = 3 THEN LNO = 6"
519,"RULE"
520,"238"
521,"IF SNOW = 0 AND SINK = 3 AND STEMP = 3 AND ATEMP = 3 AND SHEIGHT = 3 THEN LNO = 0"
522,"RULE"
523,"242"
524,"IF SNOW = 0 AND SINK = 2 AND STEMP = 2 AND ATEMP = 1 AND SHEIGHT = 0 THEN LNO = 0"
525,"RULE"
526,"243"
527,"IF SNOW = 1 AND SINK = 2 AND STEMP = 3 AND ATEMP = 2 AND SHEIGHT = 0 THEN LNO = 0"
528,"RULE"
529,"249"
530,"IF SNOW = 0 AND SINK = 3 AND STEMP = 1 AND ATEMP = 3 AND SHEIGHT = 1 THEN LNO = 0"
531,"RULE"
532,"250"
533,"IF SNOW = 1 AND SINK = 1 AND STEMP = 2 AND ATEMP = 1 AND SHEIGHT = 3 THEN LNO = 0"
534,"RULE"
535,"252"
536,"IF SNOW = 1 AND SINK = 2 AND STEMP = 3 AND ATEMP = 1 AND SHEIGHT = 1 THEN LNO = 0"
537,"RULE"
538,"254"
539,"IF SNOW = 2 AND SINK = 2 AND STEMP = 3 AND ATEMP = 2 AND SHEIGHT = 3 THEN LNO = 2"
540,"RULE"
541,"255"
542,"IF SNOW = 2 AND SINK = 3 AND STEMP = 2 AND ATEMP = 1 AND SHEIGHT = 3 THEN LNO = 6"
543,"RULE"
544,"256"
545,"IF SNOW = 1 AND SINK = 1 AND STEMP = 3 AND ATEMP = 2 AND SHEIGHT = 4 THEN LNO = 0"
546,"RULE"
547,"257"
548,"IF SNOW = 0 AND SINK = 3 AND STEMP = 2 AND ATEMP = 2 AND SHEIGHT = 4 THEN LNO = 2"
549,"RULE"
550,"259"
551,"IF SNOW = 0 AND SINK = 0 AND STEMP = 3 AND ATEMP = 1 AND SHEIGHT = 3 THEN LNO = 0"
552,"RULE"
553,"260"
554,"IF SNOW = 0 AND SINK = 2 AND STEMP = 3 AND ATEMP = 2 AND SHEIGHT = 4 THEN LNO = 0"
555,"RULE"
556,"263"
557,"IF SNOW = 2 AND SINK = 3 AND STEMP = 3 AND ATEMP = 2 AND SHEIGHT = 2 THEN LNO = 6"
558,"RULE"
559,"264"
560,"IF SNOW = 0 AND SINK = 0 AND STEMP = 0 AND ATEMP = 1 AND SHEIGHT = 0 THEN LNO = 0"
561,"RULE"
562,"267"
563,"IF SNOW = 0 AND SINK = 2 AND STEMP = 2 AND ATEMP = 3 AND SHEIGHT = 3 THEN LNO = 0"
564,"RULE"
565,"269"
566,"IF SNOW = 2 AND SINK = 3 AND STEMP = 3 AND ATEMP = 2 AND SHEIGHT = 4 THEN LNO = 4"
567,"RULE"
568,"270"
569,"IF SNOW = 0 AND SINK = 3 AND STEMP = 1 AND ATEMP = 1 AND SHEIGHT = 3 THEN LNO = 2"
570,"RULE"
571,"271"
572,"IF SNOW = 0 AND SINK = 0 AND STEMP = 3 AND ATEMP = 3 AND SHEIGHT = 3 THEN LNO = 4"
573,"RULE"
574,"273"
575,"IF SNOW = 1 AND SINK = 4 AND STEMP = 0 AND ATEMP = 0 AND SHEIGHT = 3 THEN LNO = 0"
576,"RULE"
577,"274"
578,"IF SNOW = 0 AND SINK = 3 AND STEMP = 3 AND ATEMP = 2 AND SHEIGHT = 3 THEN LNO = 2"
579,"RULE"
580,"275"
581,"IF SNOW = 0 AND SINK = 3 AND STEMP = 3 AND ATEMP = 3 AND SHEIGHT = 2 THEN LNO = 6"
582,"RULE"
583,"277"
584,"IF SNOW = 0 AND SINK = 0 AND STEMP = 3 AND ATEMP = 3 AND SHEIGHT = 2 THEN LNO = 5"
585,"RULE"
586,"278"
587,"IF SNOW = 0 AND SINK = 1 AND STEMP = 0 AND ATEMP = 0 AND SHEIGHT = 2 THEN LNO = 0"
588,"RULE"
589,"280"
590,"IF SNOW = 2 AND SINK = 3 AND STEMP = 2 AND ATEMP = 2 AND SHEIGHT = 1 THEN LNO = 0"
591,"RULE"
592,"281"
593,"IF SNOW = 1 AND SINK = 2 AND STEMP = 2 AND ATEMP = 2 AND SHEIGHT = 1 THEN LNO = 0"
594,"RULE"
595,"285"
596,"IF SNOW = 2 AND SINK = 1 AND STEMP = 2 AND ATEMP = 1 AND SHEIGHT = 2 THEN LNO = 0"
597,"RULE"
598,"286"
599,"IF SNOW = 0 AND SINK = 0 AND STEMP = 3 AND ATEMP = 1 AND SHEIGHT = 1 THEN LNO = 0"
600,"RULE"
601,"288"
602,"IF SNOW = 0 AND SINK = 3 AND STEMP = 0 AND ATEMP = 2 AND SHEIGHT = 1 THEN LNO = 0"
603,"RULE"
604,"290"
605,"IF SNOW = 0 AND SINK = 3 AND STEMP = 2 AND ATEMP = 1 AND SHEIGHT = 3 THEN LNO = 2"
606,"RULE"
607,"295"
608,"IF SNOW = 0 AND SINK = 2 AND STEMP = 3 AND ATEMP = 1 AND SHEIGHT = 0 THEN LNO = 0"
609,"RULE"
610,"297"
611,"IF SNOW = 1 AND SINK = 2 AND STEMP = 1 AND ATEMP = 0 AND SHEIGHT = 3 THEN LNO = 0"
612,"RULE"
613,"300"
614,"IF SNOW = 1 AND SINK = 3 AND STEMP = 2 AND ATEMP = 2 AND SHEIGHT = 3 THEN LNO = 0"
615,"RULE"
616,"301"
617,"IF SNOW = 2 AND SINK = 4 AND STEMP = 3 AND ATEMP = 2 AND SHEIGHT = 3 THEN LNO = 2"
618,"RULE"
619,"302"
620,"IF SNOW = 2 AND SINK = 3 AND STEMP = 2 AND ATEMP = 1 AND SHEIGHT = 2 THEN LNO = 6"
621,"RULE"
622,"303"
623,"IF SNOW = 2 AND SINK = 2 AND STEMP = 1 AND ATEMP = 1 AND SHEIGHT = 2 THEN LNO = 0"
624,"RULE"
625,"304"
626,"IF SNOW = 2 AND SINK = 4 AND STEMP = 2 AND ATEMP = 2 AND SHEIGHT = 3 THEN LNO = 5"
627,"RULE"
628,"305"
629,"IF SNOW = 0 AND SINK = 2 AND STEMP = 2 AND ATEMP = 3 AND SHEIGHT = 0 THEN LNO = 0"
630,"RULE"
631,"306"
632,"IF SNOW = 1 AND SINK = 3 AND STEMP = 1 AND ATEMP = 0 AND SHEIGHT = 3 THEN LNO = 0"
633,"RULE"
634,"307"
635,"IF SNOW = 1 AND SINK = 2 AND STEMP = 3 AND ATEMP = 2 AND SHEIGHT = 3 THEN LNO = 6"
636,"RULE"
637,"308"
638,"IF SNOW = 0 AND SINK = 3 AND STEMP = 1 AND ATEMP = 2 AND SHEIGHT = 4 THEN LNO = 2"
639,"RULE"
640,"314"
641,"IF SNOW = 2 AND SINK = 3 AND STEMP = 3 AND ATEMP = 1 AND SHEIGHT = 4 THEN LNO = 0"
642,"RULE"
643,"315"
644,"IF SNOW = 0 AND SINK = 1 AND STEMP = 0 AND ATEMP = 2 AND SHEIGHT = 3 THEN LNO = 0"
645,"RULE"
646,"316"
647,"IF SNOW = 1 AND SINK = 2 AND STEMP = 1 AND ATEMP = 2 AND SHEIGHT = 3 THEN LNO = 0"
648,"RULE"
649,"319"
650,"IF SNOW = 0 AND SINK = 2 AND STEMP = 1 AND ATEMP = 2 AND SHEIGHT = 3 THEN LNO = 2"
651,"RULE"
652,"320"
653,"IF SNOW = 0 AND SINK = 3 AND STEMP = 2 AND ATEMP = 2 AND SHEIGHT = 3 THEN LNO = 2"
654,"RULE"
655,"322"
656,"IF SNOW = 2 AND SINK = 4 AND STEMP = 0 AND ATEMP = 0 AND SHEIGHT = 3 THEN LNO = 0"
657,"RULE"
658,"328"
659,"IF SNOW = 2 AND SINK = 4 AND STEMP = 3 AND ATEMP = 1 AND SHEIGHT = 3 THEN LNO = 0"
660,"RULE"
661,"330"
662,"IF SNOW = 2 AND SINK = 2 AND STEMP = 3 AND ATEMP = 1 AND SHEIGHT = 3 THEN LNO = 0"
663,"RULE"
664,"336"
665,"IF SNOW = 0 AND SINK = 2 AND STEMP = 0 AND ATEMP = 0 AND SHEIGHT = 1 THEN LNO = 0"
666,"RULE"
667,"337"
668,"IF SNOW = 2 AND SINK = 0 AND STEMP = 3 AND ATEMP = 2 AND SHEIGHT = 4 THEN LNO = 0"
669,"RULE"
670,"344"
671,"IF SNOW = 0 AND SINK = 4 AND STEMP = 0 AND ATEMP = 0 AND SHEIGHT = 3 THEN LNO = 0"
672,"RULE"
673,"346"
674,"IF SNOW = 1 AND SINK = 3 AND STEMP = 0 AND ATEMP = 1 AND SHEIGHT = 4 THEN LNO = 0"
675,"RULE"
676,"347"
677,"IF SNOW = 0 AND SINK = 0 AND STEMP = 2 AND ATEMP = 3 AND SHEIGHT = 4 THEN LNO = 0"
678,"RULE"
679,"348"
680,"IF SNOW = 2 AND SINK = 4 AND STEMP = 0 AND ATEMP = 1 AND SHEIGHT = 4 THEN LNO = 0"
681,"RULE"
682,"349"
683,"IF SNOW = 1 AND SINK = 2 AND STEMP = 3 AND ATEMP = 2 AND SHEIGHT = 2 THEN LNO = 2"
684,"RULE"
685,"350"
686,"IF SNOW = 1 AND SINK = 1 AND STEMP = 3 AND ATEMP = 2 AND SHEIGHT = 2 THEN LNO = 2"
687,"RULE"
688,"353"
689,"IF SNOW = 2 AND SINK = 2 AND STEMP = 2 AND ATEMP = 1 AND SHEIGHT = 3 THEN LNO = 2"
690,"RULE"
691,"354"
692,"IF SNOW = 2 AND SINK = 2 AND STEMP = 3 AND ATEMP = 1 AND SHEIGHT = 1 THEN LNO = 0"
693,"RULE"
694,"357"
695,"IF SNOW = 1 AND SINK = 4 AND STEMP = 3 AND ATEMP = 2 AND SHEIGHT = 4 THEN LNO = 4"
696,"RULE"
697,"360"
698,"IF SNOW = 1 AND SINK = 2 AND STEMP = 3 AND ATEMP = 2 AND SHEIGHT = 2 THEN LNO = 6"
699,"RULE"
700,"367"
701,"IF SNOW = 0 AND SINK = 4 AND STEMP = 3 AND ATEMP = 3 AND SHEIGHT = 1 THEN LNO = 6"
702,"RULE"
703,"369"
704,"IF SNOW = 0 AND SINK = 0 AND STEMP = 1 AND ATEMP = 2 AND SHEIGHT = 2 THEN LNO = 5"
705,"RULE"
706,"371"
707,"IF SNOW = 1 AND SINK = 1 AND STEMP = 1 AND ATEMP = 0 AND SHEIGHT = 2 THEN LNO = 0"
708,"RULE"
709,"372"
710,"IF SNOW = 0 AND SINK = 0 AND STEMP = 0 AND ATEMP = 3 AND SHEIGHT = 1 THEN LNO = 0"
711,"RULE"
712,"377"
713,"IF SNOW = 1 AND SINK = 2 AND STEMP = 2 AND ATEMP = 1 AND SHEIGHT = 4 THEN LNO = 6"
714,"RULE"
715,"380"
716,"IF SNOW = 2 AND SINK = 2 AND STEMP = 2 AND ATEMP = 2 AND SHEIGHT = 3 THEN LNO = 6"
717,"RULE"
718,"383"
719,"IF SNOW = 2 AND SINK = 4 AND STEMP = 1 AND ATEMP = 1 AND SHEIGHT = 4 THEN LNO = 4"
720,"RULE"
721,"386"
722,"IF SNOW = 0 AND SINK = 3 AND STEMP = 3 AND ATEMP = 3 AND SHEIGHT = 3 THEN LNO = 5"
723,"RULE"
724,"387"
725,"IF SNOW = 2 AND SINK = 3 AND STEMP = 2 AND ATEMP = 2 AND SHEIGHT = 3 THEN LNO = 0"
726,"RULE"
727,"389"
728,"IF SNOW = 1 AND SINK = 1 AND STEMP = 1 AND ATEMP = 2 AND SHEIGHT = 3 THEN LNO = 0"
729,"RULE"
730,"390"
731,"IF SNOW = 2 AND SINK = 4 AND STEMP = 1 AND ATEMP = 0 AND SHEIGHT = 4 THEN LNO = 2"
732,"RULE"
733,"391"
734,"IF SNOW = 2 AND SINK = 4 AND STEMP = 3 AND ATEMP = 2 AND SHEIGHT = 2 THEN LNO = 6"
735,"RULE"
736,"392"
737,"IF SNOW = 0 AND SINK = 1 AND STEMP = 2 AND ATEMP = 2 AND SHEIGHT = 1 THEN LNO = 2"
738,"RULE"
739,"394"
740,"IF SNOW = 2 AND SINK = 3 AND STEMP = 2 AND ATEMP = 2 AND SHEIGHT = 1 THEN LNO = 2"
741,"RULE"
742,"395"
743,"IF SNOW = 2 AND SINK = 2 AND STEMP = 3 AND ATEMP = 1 AND SHEIGHT = 0 THEN LNO = 0"
744,"RULE"
745,"400"
746,"IF SNOW = 0 AND SINK = 2 AND STEMP = 3 AND ATEMP = 2 AND SHEIGHT = 1 THEN LNO = 2"
747,"RULE"
748,"401"
749,"IF SNOW = 0 AND SINK = 2 AND STEMP = 3 AND ATEMP = 3 AND SHEIGHT = 1 THEN LNO = 6"
750,"RULE"
751,"402"
752,"IF SNOW = 0 AND SINK = 4 AND STEMP = 1 AND ATEMP = 0 AND SHEIGHT = 3 THEN LNO = 0"
753,"RULE"
754,"404"
755,"IF SNOW = 0 AND SINK = 4 AND STEMP = 1 AND ATEMP = 1 AND SHEIGHT = 4 THEN LNO = 6"
756,"RULE"
757,"405"
758,"IF SNOW = 2 AND SINK = 4 AND STEMP = 2 AND ATEMP = 1 AND SHEIGHT = 4 THEN LNO = 2"
759,"RULE"
760,"408"
761,"IF SNOW = 1 AND SINK = 4 AND STEMP = 1 AND ATEMP = 0 AND SHEIGHT = 3 THEN LNO = 0"
762,"RULE"
763,"410"
764,"IF SNOW = 0 AND SINK = 0 AND STEMP = 1 AND ATEMP = 1 AND SHEIGHT = 1 THEN LNO = 0"
765,"RULE"
766,"411"
767,"IF SNOW = 2 AND SINK = 2 AND STEMP = 0 AND ATEMP = 1 AND SHEIGHT = 2 THEN LNO = 0"
768,"RULE"
769,"414"
770,"IF SNOW = 1 AND SINK = 4 AND STEMP = 3 AND ATEMP = 1 AND SHEIGHT = 3 THEN LNO = 0"
771,"RULE"
772,"415"
773,"IF SNOW = 2 AND SINK = 4 AND STEMP = 3 AND ATEMP = 1 AND SHEIGHT = 2 THEN LNO = 0"
774,"RULE"
775,"423"
776,"IF SNOW = 2 AND SINK = 3 AND STEMP = 1 AND ATEMP = 0 AND SHEIGHT = 4 THEN LNO = 2"
777,"RULE"
778,"425"
779,"IF SNOW = 1 AND SINK = 3 AND STEMP = 3 AND ATEMP = 2 AND SHEIGHT = 4 THEN LNO = 5"
780,"RULE"
781,"426"
782,"IF SNOW = 0 AND SINK = 2 AND STEMP = 2 AND ATEMP = 1 AND SHEIGHT = 4 THEN LNO = 0"
783,"RULE"
784,"427"
785,"IF SNOW = 2 AND SINK = 4 AND STEMP = 2 AND ATEMP = 2 AND SHEIGHT = 4 THEN LNO = 2"
786,"RULE"
787,"428"
788,"IF SNOW = 1 AND SINK = 2 AND STEMP = 2 AND ATEMP = 0 AND SHEIGHT = 3 THEN LNO = 0"
789,"RULE"
790,"429"
791,"IF SNOW = 0 AND SINK = 1 AND STEMP = 1 AND ATEMP = 2 AND SHEIGHT = 4 THEN LNO = 0"
792,"RULE"
793,"431"
794,"IF SNOW = 0 AND SINK = 2 AND STEMP = 2 AND ATEMP = 3 AND SHEIGHT = 4 THEN LNO = 0"
795,"RULE"
796,"432"
797,"IF SNOW = 0 AND SINK = 3 AND STEMP = 2 AND ATEMP = 3 AND SHEIGHT = 4 THEN LNO = 0"
798,"RULE"
799,"436"
800,"IF SNOW = 0 AND SINK = 4 AND STEMP = 2 AND ATEMP = 2 AND SHEIGHT = 2 THEN LNO = 0"
801,"RULE"
802,"440"
803,"IF SNOW = 0 AND SINK = 3 AND STEMP = 0 AND ATEMP = 1 AND SHEIGHT = 2 THEN LNO = 2"
804,"RULE"
805,"441"
806,"IF SNOW = 0 AND SINK = 1 AND STEMP = 2 AND ATEMP = 2 AND SHEIGHT = 2 THEN LNO = 2"
807,"RULE"
808,"448"
809,"IF SNOW = 2 AND SINK = 2 AND STEMP = 3 AND ATEMP = 2 AND SHEIGHT = 2 THEN LNO = 0"
810,"RULE"
811,"453"
812,"IF SNOW = 0 AND SINK = 4 AND STEMP = 3 AND ATEMP = 3 AND SHEIGHT = 2 THEN LNO = 2"
813,"RULE"
814,"456"
815,"IF SNOW = 2 AND SINK = 2 AND STEMP = 3 AND ATEMP = 2 AND SHEIGHT = 3 THEN LNO = 6"
816,"RULE"
817,"461"
818,"IF SNOW = 0 AND SINK = 4 AND STEMP = 3 AND ATEMP = 2 AND SHEIGHT = 3 THEN LNO = 0"
819,"RULE"
820,"462"
821,"IF SNOW = 2 AND SINK = 0 AND STEMP = 3 AND ATEMP = 2 AND SHEIGHT = 3 THEN LNO = 6"
822,"RULE"
823,"465"
1,"FZY-DEFINITION-FILE"
2,"104"
3,"INPUTS"
4,"SNOW SINK STEMP ATEMP SHEIGHT"
5,"OUTPUTS"
6,"LNO"
7,"MEMBERSHIPFUNCTION"
8,"SHEIGHT 0 0.000000 0.000000 0.100000 0.175000 0.000000 200.000000 1.000000 0"
9,"MEMBERSHIPFUNCTION"
10,"SHEIGHT 1 0.100000 0.175000 0.200000 0.275000 0.000000 200.000000 1.000000 0"
11,"MEMBERSHIPFUNCTION"
12,"SHEIGHT 2 0.200000 0.275000 0.325000 0.400000 0.000000 200.000000 1.000000 0"
13,"MEMBERSHIPFUNCTION"
14,"SHEIGHT 3 0.325000 0.400000 0.575000 0.650000 0.000000 200.000000 1.000000 0"
15,"MEMBERSHIPFUNCTION"
16,"SHEIGHT 4 0.575000 0.650000 1.000000 1.000000 0.000000 200.000000 1.000000 0"
17,"MEMBERSHIPFUNCTION"
18,"SNOW 1 0.030000 0.070000 0.110000 0.150000 0.000000 100.000000 1.000000 0"
19,"MEMBERSHIPFUNCTION"
20,"SNOW 0 0.000000 0.000000 0.030000 0.070000 0.000000 100.000000 1.000000 0"
21,"MEMBERSHIPFUNCTION"
22,"SNOW 2 0.110000 0.150000 1.000000 1.000000 0.000000 100.000000 1.000000 0"
23,"MEMBERSHIPFUNCTION"
24,"ATEMP 0 0.000000 0.000000 0.300000 0.400000 -30.000000 20.000000 1.000000 0"
25,"MEMBERSHIPFUNCTION"
26,"ATEMP 1 0.300000 0.400000 0.460000 0.560000 -30.000000 20.000000 1.000000 0"
27,"MEMBERSHIPFUNCTION"
28,"ATEMP 2 0.460000 0.560000 0.600000 0.700000 -30.000000 20.000000 1.000000 0"
29,"MEMBERSHIPFUNCTION"
30,"ATEMP 3 0.600000 0.700000 1.000000 1.000000 -30.000000 20.000000 1.000000 0"
31,"MEMBERSHIPFUNCTION"
32,"STEMP 2 0.700000 0.800000 0.850000 0.950000 -20.000000 0.000000 1.000000 0"
33,"MEMBERSHIPFUNCTION"
34,"STEMP 3 0.850000 0.950000 1.000000 1.000000 -20.000000 0.000000 1.000000 0"
35,"MEMBERSHIPFUNCTION"
36,"STEMP 0 0.000000 0.000000 0.450000 0.550000 -20.000000 0.000000 1.000000 0"
37,"MEMBERSHIPFUNCTION"
38,"STEMP 1 0.450000 0.550000 0.700000 0.800000 -20.000000 0.000000 1.000000 0"
39,"MEMBERSHIPFUNCTION"
40,"WDIR 4 0.500000 0.750000 1.000000 1.000000 -7.000000 23.000000 1.000000 0"
41,"MEMBERSHIPFUNCTION"
42,"WDIR 3 0.250000 0.375000 0.500000 0.750000 -7.000000 23.000000 1.000000 0"
43,"MEMBERSHIPFUNCTION"
44,"WDIR 2 0.125000 0.250000 0.250000 0.375000 -7.000000 23.000000 1.000000 0"
45,"MEMBERSHIPFUNCTION"
46,"WDIR 1 0.000000 0.000000 0.125000 0.250000 -7.000000 23.000000 1.000000 0"
47,"MEMBERSHIPFUNCTION"
48,"WSTRG 4 0.250000 0.292667 1.000000 1.000000 0.000000 300.000000 1.000000 0"
49,"MEMBERSHIPFUNCTION"
50,"WSTRG 3 0.166667 0.208333 0.250000 0.291667 0.000000 300.000000 1.000000 0"
51,"MEMBERSHIPFUNCTION"
52,"WSTRG 2 0.125000 0.166667 0.166667 0.208333 0.000000 300.000000 1.000000 0"
53,"MEMBERSHIPFUNCTION"
54,"WSTRG 1 0.041667 0.083333 0.125000 0.166667 0.000000 300.000000 1.000000 0"
55,"MEMBERSHIPFUNCTION"
56,"WSTRG 0 0.000000 0.000000 0.041667 0.083333 0.000000 300.000000 1.000000 0"
57,"MEMBERSHIPFUNCTION"
58,"HTEMP 4 0.820000 0.910000 1.000000 1.000000 -30.000000 30.000000 1.000000 0"
59,"MEMBERSHIPFUNCTION"
60,"HTEMP 3 0.640000 0.730000 0.820000 0.910000 -30.000000 30.000000 1.000000 0"
61,"MEMBERSHIPFUNCTION"
62,"HTEMP 2 0.550000 0.640000 0.640000 0.730000 -30.000000 30.000000 1.000000 0"
63,"MEMBERSHIPFUNCTION"
64,"HTEMP 1 0.370000 0.460000 0.550000 0.640000 -30.000000 30.000000 1.000000 0"
65,"MEMBERSHIPFUNCTION"
66,"HTEMP 0 0.000000 0.000000 0.370000 0.460000 -30.000000 30.000000 1.000000 0"
67,"MEMBERSHIPFUNCTION"
68,"LTEMP 3 0.600000 0.700000 0.800000 0.900000 -30.000000 20.000000 1.000000 0"
69,"MEMBERSHIPFUNCTION"
70,"LTEMP 1 0.300000 0.400000 0.500000 0.600000 -30.000000 20.000000 1.000000 0"
71,"MEMBERSHIPFUNCTION"
72,"LTEMP 0 0.000000 0.000000 0.300000 0.400000 -30.000000 20.000000 1.000000 0"
73,"MEMBERSHIPFUNCTION"
74,"LTEMP 4 0.800000 0.900000 1.000000 1.000000 -30.000000 20.000000 1.000000 0"
75,"MEMBERSHIPFUNCTION"
76,"LTEMP 2 0.500000 0.600000 0.600000 0.700000 -30.000000 20.000000 1.000000 0"
77,"MEMBERSHIPFUNCTION"
78,"AWET 4 0.795000 0.897500 1.000000 1.000000 0.000000 100.000000 1.000000 0"
79,"MEMBERSHIPFUNCTION"
80,"AWET 3 0.590000 0.692500 0.795000 0.897500 0.000000 100.000000 1.000000 0"
81,"MEMBERSHIPFUNCTION"
82,"AWET 2 0.487500 0.590000 0.590000 0.692500 0.000000 100.000000 1.000000 0"
83,"MEMBERSHIPFUNCTION"
84,"AWET 1 0.282500 0.385000 0.487500 0.590000 0.000000 100.000000 1.000000 0"
85,"MEMBERSHIPFUNCTION"
86,"AWET 0 0.000000 0.000000 0.282500 0.385000 0.000000 100.000000 1.000000 0"
87,"MEMBERSHIPFUNCTION"
88,"SINK 0 0.000000 0.000000 0.020000 0.050000 0.000000 140.000000 1.000000 0"
89,"MEMBERSHIPFUNCTION"
90,"SINK 1 0.020000 0.050000 0.090000 0.120000 0.000000 140.000000 1.000000 0"
91,"MEMBERSHIPFUNCTION"
92,"SINK 2 0.090000 0.120000 0.160000 0.190000 0.000000 140.000000 1.000000 0"
93,"MEMBERSHIPFUNCTION"
94,"SINK 3 0.160000 0.190000 0.300000 0.330000 0.000000 140.000000 1.000000 0"
95,"MEMBERSHIPFUNCTION"
96,"SINK 4 0.300000 0.330000 1.000000 1.000000 0.000000 140.000000 1.000000 0"
97,"MEMBERSHIPFUNCTION"
98,"LNOBEW 1 0.000000 0.000000 0.300000 0.400000 1.000000 3.000000 1.000000 0"
99,"MEMBERSHIPFUNCTION"
100,"LNOBEW 2 0.300000 0.400000 0.600000 0.700000 1.000000 3.000000 1.000000 0"
101,"MEMBERSHIPFUNCTION"
102,"LNOBEW 3 0.600000 0.700000 1.000000 1.000000 1.000000 3.000000 1.000000 0"
103,"MEMBERSHIPFUNCTION"
104,"LNOPAST 0 0.000000 0.000000 0.010000 0.010000 0.000000 70.000000 0.500000 0"
105,"MEMBERSHIPFUNCTION"
106,"LNOPAST 2 0.040000 0.070000 0.210000 0.240000 0.000000 70.000000 0.500000 0"
107,"MEMBERSHIPFUNCTION"
108,"LNOPAST NEU1 0.210000 0.240000 1.000000 1.000000 0.000000 70.000000 0.500000 0"
109,"MEMBERSHIPFUNCTION"
110,"LNOPAST 1 0.000000 0.030000 0.040000 0.070000 0.000000 70.000000 0.500000 0"
111,"MEMBERSHIPFUNCTION"
112,"SNOWKUM 0 0.000000 0.000000 0.020000 0.090000 0.000000 130.000000 1.000000 0"
113,"MEMBERSHIPFUNCTION"
114,"SNOWKUM 1 0.020000 0.090000 0.120000 0.190000 0.000000 130.000000 1.000000 0"
115,"MEMBERSHIPFUNCTION"
116,"SNOWKUM 2 0.120000 0.190000 0.330000 0.400000 0.000000 130.000000 1.000000 0"
117,"MEMBERSHIPFUNCTION"
118,"SNOWKUM 3 0.330000 0.400000 1.000000 1.000000 0.000000 130.000000 1.000000 0"
119,"MEMBERSHIPFUNCTION"
120,"BEWERT 1 0.250000 0.400000 0.600000 0.750000 1.000000 3.000000 1.000000 0"
121,"MEMBERSHIPFUNCTION"
122,"BEWERT 2 0.600000 0.750000 1.000000 1.000000 1.000000 3.000000 1.000000 0"
123,"MEMBERSHIPFUNCTION"
124,"BEWERT 0 0.000000 0.000000 0.250000 0.400000 1.000000 3.000000 1.000000 0"
125,"MEMBERSHIPFUNCTION"
126,"LNOBIS111297 0 0.000000 0.000000 0.010000 0.010000 0.000000 70.000000 1.000000 0"
127,"MEMBERSHIPFUNCTION"
128,"LNOBIS111297 1 0.000000 0.030000 0.040000 0.070000 0.000000 70.000000 1.000000 0"
129,"MEMBERSHIPFUNCTION"
130,"LNOBIS111297 2 0.040000 0.070000 0.210000 0.240000 0.000000 70.000000 1.000000 0"
131,"MEMBERSHIPFUNCTION"
132,"LNOBIS111297 3 0.210000 0.240000 1.000000 1.000000 0.000000 70.000000 1.000000 0"
133,"MEMBERSHIPFUNCTION"
134,"LNO 0 0.000000 0.000000 0.020000 0.020000 0.000000 5.000000 1.000000 1"
135,"MEMBERSHIPFUNCTION"
136,"LNO 1 0.000000 0.100000 0.100000 0.200000 0.000000 5.000000 1.000000 1"
137,"MEMBERSHIPFUNCTION"
138,"LNO 2 0.100000 0.200000 0.200000 0.300000 0.000000 5.000000 1.000000 1"
139,"MEMBERSHIPFUNCTION"
140,"LNO 3 0.200000 0.300000 0.300000 0.400000 0.000000 5.000000 1.000000 1"
141,"MEMBERSHIPFUNCTION"
142,"LNO 4 0.300000 0.400000 0.500000 0.600000 0.000000 5.000000 1.000000 1"
143,"MEMBERSHIPFUNCTION"
144,"LNO 5 0.500000 0.600000 0.700000 0.800000 0.000000 5.000000 1.000000 1"
145,"MEMBERSHIPFUNCTION"
146,"LNO 6 0.700000 0.800000 1.000000 1.000000 0.000000 5.000000 1.000000 1"
147,"MEMBERSHIPFUNCTION"
148,"ZEIT 1 0.300000 0.350000 0.650000 0.700000 0.000000 2.000000 1.000000 0"
149,"MEMBERSHIPFUNCTION"
150,"ZEIT 0 0.000000 0.000000 0.300000 0.350000 0.000000 2.000000 1.000000 0"
151,"MEMBERSHIPFUNCTION"
152,"ZEIT 2 0.650000 0.700000 1.000000 1.000000 0.000000 2.000000 1.000000 0"
153,"RULE"
154,"1"
155,"IF SNOW = 0 AND SINK = 0 AND STEMP = 3 AND ATEMP = 2 AND SHEIGHT = 2 THEN LNO = 0"
156,"RULE"
157,"2"
158,"IF SNOW = 0 AND SINK = 0 AND STEMP = 3 AND ATEMP = 2 AND SHEIGHT = 0 THEN LNO = 0"
159,"RULE"
160,"6"
161,"IF SNOW = 0 AND SINK = 0 AND STEMP = 3 AND ATEMP = 3 AND SHEIGHT = 2 THEN LNO = 0"
162,"RULE"
163,"7"
164,"IF SNOW = 0 AND SINK = 0 AND STEMP = 3 AND ATEMP = 3 AND SHEIGHT = 1 THEN LNO = 0"
165,"RULE"
166,"9"
167,"IF SNOW = 0 AND SINK = 3 AND STEMP = 1 AND ATEMP = 1 AND SHEIGHT = 3 THEN LNO = 0"
168,"RULE"
169,"11"
170,"IF SNOW = 0 AND SINK = 2 AND STEMP = 1 AND ATEMP = 2 AND SHEIGHT = 3 THEN LNO = 0"
171,"RULE"
172,"12"
173,"IF SNOW = 0 AND SINK = 1 AND STEMP = 3 AND ATEMP = 2 AND SHEIGHT = 1 THEN LNO = 0"
174,"RULE"
175,"14"
176,"IF SNOW = 0 AND SINK = 3 AND STEMP = 1 AND ATEMP = 1 AND SHEIGHT = 2 THEN LNO = 0"
177,"RULE"
178,"16"
179,"IF SNOW = 0 AND SINK = 2 AND STEMP = 1 AND ATEMP = 2 AND SHEIGHT = 2 THEN LNO = 0"
180,"RULE"
181,"17"
182,"IF SNOW = 0 AND SINK = 0 AND STEMP = 1 AND ATEMP = 2 AND SHEIGHT = 3 THEN LNO = 0"
183,"RULE"
184,"19"
185,"IF SNOW = 0 AND SINK = 2 AND STEMP = 0 AND ATEMP = 1 AND SHEIGHT = 3 THEN LNO = 0"
186,"RULE"
187,"20"
188,"IF SNOW = 0 AND SINK = 2 AND STEMP = 2 AND ATEMP = 2 AND SHEIGHT = 2 THEN LNO = 0"
189,"RULE"
190,"22"
191,"IF SNOW = 0 AND SINK = 2 AND STEMP = 1 AND ATEMP = 1 AND SHEIGHT = 1 THEN LNO = 0"
192,"RULE"
193,"23"
194,"IF SNOW = 0 AND SINK = 0 AND STEMP = 3 AND ATEMP = 3 AND SHEIGHT = 3 THEN LNO = 6"
195,"RULE"
196,"24"
197,"IF SNOW = 0 AND SINK = 0 AND STEMP = 2 AND ATEMP = 2 AND SHEIGHT = 2 THEN LNO = 0"
198,"RULE"
199,"25"
200,"IF SNOW = 0 AND SINK = 3 AND STEMP = 1 AND ATEMP = 2 AND SHEIGHT = 1 THEN LNO = 0"
201,"RULE"
202,"26"
203,"IF SNOW = 0 AND SINK = 3 AND STEMP = 3 AND ATEMP = 2 AND SHEIGHT = 2 THEN LNO = 0"
204,"RULE"
205,"27"
206,"IF SNOW = 0 AND SINK = 2 AND STEMP = 3 AND ATEMP = 2 AND SHEIGHT = 3 THEN LNO = 0"
207,"RULE"
208,"28"
209,"IF SNOW = 1 AND SINK = 3 AND STEMP = 1 AND ATEMP = 1 AND SHEIGHT = 3 THEN LNO = 0"
210,"RULE"
211,"29"
212,"IF SNOW = 0 AND SINK = 3 AND STEMP = 1 AND ATEMP = 1 AND SHEIGHT = 1 THEN LNO = 0"
213,"RULE"
214,"30"
215,"IF SNOW = 0 AND SINK = 1 AND STEMP = 1 AND ATEMP = 1 AND SHEIGHT = 1 THEN LNO = 0"
216,"RULE"
217,"31"
218,"IF SNOW = 0 AND SINK = 1 AND STEMP = 1 AND ATEMP = 1 AND SHEIGHT = 2 THEN LNO = 0"
219,"RULE"
220,"32"
221,"IF SNOW = 0 AND SINK = 2 AND STEMP = 2 AND ATEMP = 2 AND SHEIGHT = 1 THEN LNO = 0"
222,"RULE"
223,"33"
224,"IF SNOW = 0 AND SINK = 1 AND STEMP = 3 AND ATEMP = 3 AND SHEIGHT = 1 THEN LNO = 0"
225,"RULE"
226,"35"
227,"IF SNOW = 0 AND SINK = 3 AND STEMP = 2 AND ATEMP = 2 AND SHEIGHT = 2 THEN LNO = 0"
228,"RULE"
229,"38"
230,"IF SNOW = 0 AND SINK = 1 AND STEMP = 1 AND ATEMP = 2 AND SHEIGHT = 1 THEN LNO = 0"
231,"RULE"
232,"41"
233,"IF SNOW = 0 AND SINK = 3 AND STEMP = 3 AND ATEMP = 2 AND SHEIGHT = 3 THEN LNO = 0"
234,"RULE"
235,"42"
236,"IF SNOW = 0 AND SINK = 1 AND STEMP = 2 AND ATEMP = 2 AND SHEIGHT = 2 THEN LNO = 0"
237,"RULE"
238,"44"
239,"IF SNOW = 0 AND SINK = 3 AND STEMP = 2 AND ATEMP = 2 AND SHEIGHT = 1 THEN LNO = 0"
240,"RULE"
241,"45"
242,"IF SNOW = 0 AND SINK = 1 AND STEMP = 2 AND ATEMP = 2 AND SHEIGHT = 1 THEN LNO = 0"
243,"RULE"
244,"47"
245,"IF SNOW = 0 AND SINK = 1 AND STEMP = 2 AND ATEMP = 2 AND SHEIGHT = 3 THEN LNO = 0"
246,"RULE"
247,"48"
248,"IF SNOW = 0 AND SINK = 3 AND STEMP = 0 AND ATEMP = 1 AND SHEIGHT = 3 THEN LNO = 0"
249,"RULE"
250,"50"
251,"IF SNOW = 0 AND SINK = 0 AND STEMP = 1 AND ATEMP = 2 AND SHEIGHT = 1 THEN LNO = 0"
252,"RULE"
253,"51"
254,"IF SNOW = 2 AND SINK = 4 AND STEMP = 1 AND ATEMP = 1 AND SHEIGHT = 3 THEN LNO = 0"
255,"RULE"
256,"54"
257,"IF SNOW = 0 AND SINK = 2 AND STEMP = 3 AND ATEMP = 2 AND SHEIGHT = 0 THEN LNO = 0"
258,"RULE"
259,"56"
260,"IF SNOW = 0 AND SINK = 3 AND STEMP = 3 AND ATEMP = 2 AND SHEIGHT = 1 THEN LNO = 0"
261,"RULE"
262,"58"
263,"IF SNOW = 0 AND SINK = 3 AND STEMP = 1 AND ATEMP = 2 AND SHEIGHT = 3 THEN LNO = 0"
264,"RULE"
265,"59"
266,"IF SNOW = 0 AND SINK = 2 AND STEMP = 0 AND ATEMP = 1 AND SHEIGHT = 2 THEN LNO = 0"
267,"RULE"
268,"64"
269,"IF SNOW = 2 AND SINK = 3 AND STEMP = 1 AND ATEMP = 1 AND SHEIGHT = 3 THEN LNO = 0"
270,"RULE"
271,"67"
272,"IF SNOW = 0 AND SINK = 3 AND STEMP = 1 AND ATEMP = 1 AND SHEIGHT = 4 THEN LNO = 0"
273,"RULE"
274,"69"
275,"IF SNOW = 0 AND SINK = 0 AND STEMP = 1 AND ATEMP = 2 AND SHEIGHT = 2 THEN LNO = 0"
276,"RULE"
277,"75"
278,"IF SNOW = 0 AND SINK = 1 AND STEMP = 1 AND ATEMP = 2 AND SHEIGHT = 2 THEN LNO = 0"
279,"RULE"
280,"76"
281,"IF SNOW = 0 AND SINK = 3 AND STEMP = 1 AND ATEMP = 2 AND SHEIGHT = 2 THEN LNO = 0"
282,"RULE"
283,"79"
284,"IF SNOW = 0 AND SINK = 0 AND STEMP = 2 AND ATEMP = 2 AND SHEIGHT = 0 THEN LNO = 0"
285,"RULE"
286,"83"
287,"IF SNOW = 0 AND SINK = 3 AND STEMP = 0 AND ATEMP = 1 AND SHEIGHT = 4 THEN LNO = 0"
288,"RULE"
289,"85"
290,"IF SNOW = 0 AND SINK = 1 AND STEMP = 0 AND ATEMP = 1 AND SHEIGHT = 1 THEN LNO = 0"
291,"RULE"
292,"87"
293,"IF SNOW = 0 AND SINK = 4 AND STEMP = 1 AND ATEMP = 1 AND SHEIGHT = 2 THEN LNO = 0"
294,"RULE"
295,"89"
296,"IF SNOW = 1 AND SINK = 1 AND STEMP = 3 AND ATEMP = 2 AND SHEIGHT = 3 THEN LNO = 0"
297,"RULE"
298,"90"
299,"IF SNOW = 2 AND SINK = 4 AND STEMP = 3 AND ATEMP = 2 AND SHEIGHT = 3 THEN LNO = 6"
300,"RULE"
301,"92"
824,"IF SNOW = 1 AND SINK = 2 AND STEMP = 2 AND ATEMP = 2 AND SHEIGHT = 4 THEN LNO = 0"
825,"RULE"
826,"467"
827,"IF SNOW = 0 AND SINK = 2 AND STEMP = 3 AND ATEMP = 2 AND SHEIGHT = 3 THEN LNO = 2"
828,"RULE"
829,"469"
830,"IF SNOW = 0 AND SINK = 4 AND STEMP = 2 AND ATEMP = 2 AND SHEIGHT = 4 THEN LNO = 6"
831,"RULE"
832,"470"
833,"IF SNOW = 1 AND SINK = 4 AND STEMP = 1 AND ATEMP = 1 AND SHEIGHT = 3 THEN LNO = 4"
834,"RULE"
835,"471"
836,"IF SNOW = 1 AND SINK = 3 AND STEMP = 3 AND ATEMP = 1 AND SHEIGHT = 3 THEN LNO = 2"
837,"RULE"
838,"472"
839,"IF SNOW = 2 AND SINK = 4 AND STEMP = 0 AND ATEMP = 1 AND SHEIGHT = 3 THEN LNO = 0"
840,"RULE"
841,"473"
842,"IF SNOW = 0 AND SINK = 2 AND STEMP = 1 AND ATEMP = 3 AND SHEIGHT = 2 THEN LNO = 0"
843,"RULE"
844,"476"
845,"IF SNOW = 2 AND SINK = 2 AND STEMP = 2 AND ATEMP = 2 AND SHEIGHT = 1 THEN LNO = 0"
846,"RULE"
847,"477"
848,"IF SNOW = 0 AND SINK = 0 AND STEMP = 1 AND ATEMP = 3 AND SHEIGHT = 0 THEN LNO = 0"
849,"RULE"
850,"480"
851,"IF SNOW = 1 AND SINK = 1 AND STEMP = 3 AND ATEMP = 2 AND SHEIGHT = 0 THEN LNO = 6"
852,"RULE"
853,"483"
854,"IF SNOW = 0 AND SINK = 3 AND STEMP = 1 AND ATEMP = 1 AND SHEIGHT = 4 THEN LNO = 2"
855,"RULE"
856,"484"
857,"IF SNOW = 1 AND SINK = 1 AND STEMP = 1 AND ATEMP = 1 AND SHEIGHT = 4 THEN LNO = 2"
858,"RULE"
859,"485"
860,"IF SNOW = 2 AND SINK = 4 AND STEMP = 1 AND ATEMP = 2 AND SHEIGHT = 4 THEN LNO = 2"
861,"RULE"
862,"486"
863,"IF SNOW = 1 AND SINK = 1 AND STEMP = 3 AND ATEMP = 3 AND SHEIGHT = 3 THEN LNO = 0"
864,"RULE"
865,"489"
866,"IF SNOW = 1 AND SINK = 4 AND STEMP = 0 AND ATEMP = 1 AND SHEIGHT = 4 THEN LNO = 0"
867,"RULE"
868,"492"
869,"IF SNOW = 2 AND SINK = 3 AND STEMP = 3 AND ATEMP = 2 AND SHEIGHT = 4 THEN LNO = 2"
870,"RULE"
871,"497"
872,"IF SNOW = 1 AND SINK = 3 AND STEMP = 1 AND ATEMP = 1 AND SHEIGHT = 2 THEN LNO = 4"
873,"RULE"
874,"499"
875,"IF SNOW = 0 AND SINK = 2 AND STEMP = 3 AND ATEMP = 2 AND SHEIGHT = 2 THEN LNO = 2"
876,"RULE"
877,"500"
878,"IF SNOW = 1 AND SINK = 1 AND STEMP = 0 AND ATEMP = 2 AND SHEIGHT = 2 THEN LNO = 0"
879,"RULE"
880,"501"
881,"IF SNOW = 0 AND SINK = 0 AND STEMP = 1 AND ATEMP = 2 AND SHEIGHT = 2 THEN LNO = 2"
882,"RULE"
883,"504"
884,"IF SNOW = 0 AND SINK = 0 AND STEMP = 0 AND ATEMP = 0 AND SHEIGHT = 2 THEN LNO = 0"
885,"RULE"
886,"506"
887,"IF SNOW = 0 AND SINK = 1 AND STEMP = 1 AND ATEMP = 2 AND SHEIGHT = 2 THEN LNO = 2"
888,"RULE"
889,"511"
890,"IF SNOW = 2 AND SINK = 3 AND STEMP = 1 AND ATEMP = 1 AND SHEIGHT = 1 THEN LNO = 0"
891,"RULE"
892,"514"
893,"IF SNOW = 2 AND SINK = 1 AND STEMP = 3 AND ATEMP = 1 AND SHEIGHT = 2 THEN LNO = 0"
894,"RULE"
895,"516"
896,"IF SNOW = 0 AND SINK = 0 AND STEMP = 2 AND ATEMP = 2 AND SHEIGHT = 2 THEN LNO = 2"
897,"RULE"
898,"519"
899,"IF SNOW = 1 AND SINK = 3 AND STEMP = 3 AND ATEMP = 3 AND SHEIGHT = 2 THEN LNO = 6"
900,"RULE"
901,"520"
902,"IF SNOW = 0 AND SINK = 2 AND STEMP = 0 AND ATEMP = 2 AND SHEIGHT = 2 THEN LNO = 4"
903,"RULE"
904,"522"
905,"IF SNOW = 0 AND SINK = 1 AND STEMP = 1 AND ATEMP = 0 AND SHEIGHT = 2 THEN LNO = 0"
906,"RULE"
907,"523"
908,"IF SNOW = 0 AND SINK = 2 AND STEMP = 3 AND ATEMP = 2 AND SHEIGHT = 2 THEN LNO = 5"
909,"RULE"
910,"524"
911,"IF SNOW = 2 AND SINK = 4 AND STEMP = 3 AND ATEMP = 2 AND SHEIGHT = 2 THEN LNO = 0"
912,"RULE"
913,"527"
914,"IF SNOW = 2 AND SINK = 2 AND STEMP = 1 AND ATEMP = 1 AND SHEIGHT = 1 THEN LNO = 4"
915,"RULE"
916,"528"
917,"IF SNOW = 0 AND SINK = 3 AND STEMP = 0 AND ATEMP = 1 AND SHEIGHT = 1 THEN LNO = 6"
918,"RULE"
919,"529"
920,"IF SNOW = 1 AND SINK = 3 AND STEMP = 0 AND ATEMP = 0 AND SHEIGHT = 1 THEN LNO = 0"
921,"RULE"
922,"531"
923,"IF SNOW = 2 AND SINK = 3 AND STEMP = 2 AND ATEMP = 1 AND SHEIGHT = 1 THEN LNO = 0"
924,"RULE"
925,"535"
926,"IF SNOW = 1 AND SINK = 1 AND STEMP = 2 AND ATEMP = 2 AND SHEIGHT = 4 THEN LNO = 0"
927,"RULE"
928,"539"
929,"IF SNOW = 1 AND SINK = 2 AND STEMP = 1 AND ATEMP = 1 AND SHEIGHT = 3 THEN LNO = 2"
930,"RULE"
931,"541"
932,"IF SNOW = 0 AND SINK = 1 AND STEMP = 1 AND ATEMP = 1 AND SHEIGHT = 3 THEN LNO = 2"
933,"RULE"
934,"543"
935,"IF SNOW = 0 AND SINK = 2 AND STEMP = 1 AND ATEMP = 0 AND SHEIGHT = 4 THEN LNO = 0"
936,"RULE"
937,"544"
938,"IF SNOW = 0 AND SINK = 3 AND STEMP = 0 AND ATEMP = 0 AND SHEIGHT = 4 THEN LNO = 2"
939,"RULE"
940,"546"
941,"IF SNOW = 1 AND SINK = 4 AND STEMP = 1 AND ATEMP = 1 AND SHEIGHT = 4 THEN LNO = 6"
942,"RULE"
943,"547"
944,"IF SNOW = 0 AND SINK = 2 AND STEMP = 1 AND ATEMP = 2 AND SHEIGHT = 2 THEN LNO = 2"
945,"RULE"
946,"548"
947,"IF SNOW = 1 AND SINK = 2 AND STEMP = 2 AND ATEMP = 1 AND SHEIGHT = 2 THEN LNO = 5"
948,"RULE"
949,"551"
950,"IF SNOW = 1 AND SINK = 3 AND STEMP = 2 AND ATEMP = 2 AND SHEIGHT = 2 THEN LNO = 0"
951,"RULE"
952,"552"
953,"IF SNOW = 2 AND SINK = 3 AND STEMP = 2 AND ATEMP = 0 AND SHEIGHT = 2 THEN LNO = 0"
954,"RULE"
955,"556"
956,"IF SNOW = 2 AND SINK = 3 AND STEMP = 3 AND ATEMP = 2 AND SHEIGHT = 0 THEN LNO = 0"
957,"RULE"
958,"557"
959,"IF SNOW = 2 AND SINK = 3 AND STEMP = 3 AND ATEMP = 2 AND SHEIGHT = 0 THEN LNO = 6"
960,"RULE"
961,"559"
962,"IF SNOW = 2 AND SINK = 2 AND STEMP = 1 AND ATEMP = 1 AND SHEIGHT = 3 THEN LNO = 6"
963,"RULE"
964,"563"
965,"IF SNOW = 2 AND SINK = 1 AND STEMP = 1 AND ATEMP = 1 AND SHEIGHT = 3 THEN LNO = 0"
966,"RULE"
967,"565"
968,"IF SNOW = 2 AND SINK = 4 AND STEMP = 2 AND ATEMP = 2 AND SHEIGHT = 4 THEN LNO = 4"
969,"RULE"
970,"569"
971,"IF SNOW = 1 AND SINK = 4 AND STEMP = 2 AND ATEMP = 2 AND SHEIGHT = 2 THEN LNO = 2"
972,"RULE"
973,"570"
974,"IF SNOW = 0 AND SINK = 4 AND STEMP = 1 AND ATEMP = 2 AND SHEIGHT = 2 THEN LNO = 2"
975,"RULE"
976,"572"
977,"IF SNOW = 2 AND SINK = 2 AND STEMP = 2 AND ATEMP = 1 AND SHEIGHT = 0 THEN LNO = 0"
978,"RULE"
979,"575"
980,"IF SNOW = 1 AND SINK = 1 AND STEMP = 3 AND ATEMP = 1 AND SHEIGHT = 2 THEN LNO = 2"
981,"RULE"
982,"578"
983,"IF SNOW = 0 AND SINK = 3 AND STEMP = 3 AND ATEMP = 1 AND SHEIGHT = 4 THEN LNO = 6"
984,"RULE"
985,"579"
986,"IF SNOW = 1 AND SINK = 3 AND STEMP = 3 AND ATEMP = 1 AND SHEIGHT = 4 THEN LNO = 0"
987,"RULE"
988,"580"
989,"IF SNOW = 2 AND SINK = 2 AND STEMP = 2 AND ATEMP = 1 AND SHEIGHT = 3 THEN LNO = 4"
990,"RULE"
991,"584"
992,"IF SNOW = 0 AND SINK = 4 AND STEMP = 0 AND ATEMP = 1 AND SHEIGHT = 4 THEN LNO = 2"
993,"RULE"
994,"585"
995,"IF SNOW = 0 AND SINK = 0 AND STEMP = 1 AND ATEMP = 1 AND SHEIGHT = 2 THEN LNO = 0"
996,"RULE"
997,"587"
998,"IF SNOW = 0 AND SINK = 3 AND STEMP = 3 AND ATEMP = 1 AND SHEIGHT = 2 THEN LNO = 6"
999,"RULE"
1000,"588"
1001,"IF SNOW = 0 AND SINK = 1 AND STEMP = 1 AND ATEMP = 1 AND SHEIGHT = 2 THEN LNO = 2"
1002,"RULE"
1003,"592"
1004,"IF SNOW = 1 AND SINK = 0 AND STEMP = 3 AND ATEMP = 2 AND SHEIGHT = 0 THEN LNO = 0"
1005,"RULE"
1006,"593"
1007,"IF SNOW = 2 AND SINK = 0 AND STEMP = 3 AND ATEMP = 2 AND SHEIGHT = 0 THEN LNO = 0"
1008,"RULE"
1009,"595"
1010,"IF SNOW = 1 AND SINK = 1 AND STEMP = 0 AND ATEMP = 0 AND SHEIGHT = 4 THEN LNO = 2"
1011,"RULE"
1012,"596"
1013,"IF SNOW = 1 AND SINK = 4 AND STEMP = 3 AND ATEMP = 2 AND SHEIGHT = 4 THEN LNO = 6"
1014,"RULE"
1015,"597"
1016,"IF SNOW = 2 AND SINK = 3 AND STEMP = 0 AND ATEMP = 0 AND SHEIGHT = 4 THEN LNO = 0"
1017,"RULE"
1018,"598"
1019,"IF SNOW = 1 AND SINK = 3 AND STEMP = 2 AND ATEMP = 0 AND SHEIGHT = 4 THEN LNO = 0"
1020,"RULE"
1021,"601"
1022,"IF SNOW = 2 AND SINK = 4 AND STEMP = 2 AND ATEMP = 2 AND SHEIGHT = 3 THEN LNO = 0"
1023,"RULE"
1024,"602"
1025,"IF SNOW = 0 AND SINK = 3 AND STEMP = 0 AND ATEMP = 2 AND SHEIGHT = 2 THEN LNO = 0"
1026,"RULE"
1027,"606"
1028,"IF SNOW = 2 AND SINK = 0 AND STEMP = 1 AND ATEMP = 1 AND SHEIGHT = 1 THEN LNO = 0"
1029,"RULE"
1030,"608"
1031,"IF SNOW = 0 AND SINK = 3 AND STEMP = 2 AND ATEMP = 0 AND SHEIGHT = 1 THEN LNO = 0"
1032,"RULE"
1033,"609"
1034,"IF SNOW = 1 AND SINK = 3 AND STEMP = 1 AND ATEMP = 0 AND SHEIGHT = 1 THEN LNO = 0"
1035,"RULE"
1036,"613"
1037,"IF SNOW = 0 AND SINK = 0 AND STEMP = 2 AND ATEMP = 2 AND SHEIGHT = 3 THEN LNO = 5"
1038,"RULE"
1039,"614"
1040,"IF SNOW = 1 AND SINK = 1 AND STEMP = 3 AND ATEMP = 1 AND SHEIGHT = 4 THEN LNO = 0"
1041,"RULE"
1042,"615"
1043,"IF SNOW = 1 AND SINK = 2 AND STEMP = 2 AND ATEMP = 1 AND SHEIGHT = 4 THEN LNO = 0"
1044,"RULE"
1045,"618"
1046,"IF SNOW = 2 AND SINK = 2 AND STEMP = 0 AND ATEMP = 0 AND SHEIGHT = 3 THEN LNO = 0"
1047,"RULE"
1048,"621"
1049,"IF SNOW = 0 AND SINK = 4 AND STEMP = 0 AND ATEMP = 0 AND SHEIGHT = 3 THEN LNO = 6"
1050,"RULE"
1051,"629"
1052,"IF SNOW = 0 AND SINK = 1 AND STEMP = 3 AND ATEMP = 2 AND SHEIGHT = 4 THEN LNO = 2"
1053,"RULE"
1054,"630"
1055,"IF SNOW = 1 AND SINK = 1 AND STEMP = 2 AND ATEMP = 2 AND SHEIGHT = 4 THEN LNO = 6"
1056,"RULE"
1057,"631"
1058,"IF SNOW = 1 AND SINK = 4 AND STEMP = 3 AND ATEMP = 2 AND SHEIGHT = 4 THEN LNO = 0"
1059,"RULE"
1060,"634"
1061,"IF SNOW = 0 AND SINK = 0 AND STEMP = 3 AND ATEMP = 1 AND SHEIGHT = 3 THEN LNO = 4"
1062,"RULE"
1063,"639"
1064,"IF SNOW = 1 AND SINK = 2 AND STEMP = 1 AND ATEMP = 2 AND SHEIGHT = 2 THEN LNO = 0"
1065,"RULE"
1066,"641"
1067,"IF SNOW = 1 AND SINK = 2 AND STEMP = 3 AND ATEMP = 1 AND SHEIGHT = 2 THEN LNO = 6"
1068,"RULE"
1069,"643"
1070,"IF SNOW = 0 AND SINK = 3 AND STEMP = 1 AND ATEMP = 0 AND SHEIGHT = 3 THEN LNO = 2"
1071,"RULE"
1072,"648"
1073,"IF SNOW = 2 AND SINK = 0 AND STEMP = 3 AND ATEMP = 2 AND SHEIGHT = 3 THEN LNO = 0"
1074,"RULE"
1075,"649"
1076,"IF SNOW = 2 AND SINK = 0 AND STEMP = 3 AND ATEMP = 2 AND SHEIGHT = 4 THEN LNO = 4"
